mconley4,Conley,Mike
markusrada2019,Rada,Markus
t6klaw,Klawe,Maria
t3wors,Worsley,Beatrice
t3karp,Karp,Richard
t2tarj,Tarjan,Robert
t2hopc,Hopcroft,John
t5suth,Sutherland,Ivan
t5kaha,Kahan,William
t4miln,Milner,Robin
t3bart,Bartik,Jean
t3gold,Goldsteine,Adele
t3estr,Estrin,Thelma
t1curi,Curie Little, Joyce
t1teit,Teitelbaum,Ruth
t6mcnu,McNulty,Kay
t5turi,Turing,Alan
t4knut,Knuth,Donald
t3ahoa,Aho,Alfred
