c8mahler,Mahler,Gustav
c9magnar,Magnard,Alberic
c6scriab,Scriabin,Alexander
g8butter,Butterworth,George
c5granad,Granados,Enrique
g9regerm,Reger,Max
c8debuss,Debussy,Claude
c9busoni,Busoni,Ferruccio
g9merika,Merikanto,Oskar
c9puccin,Puccini,Giacomo
c7stanfo,Stanford,Charles Villiers
g7moszko,Moszkowski,Moritz
c5satiee,Satie,Erik
c6stenha,Stenhammar,Wilhelm
c6janace,Janacek,Leos
g5dindyv,d'Indy,Vincent
c9nielse,Nielsen,Carl
g5dalber,d'Albert,Eugen
g6duparc,Duparc,Henri
c8delius,Delius,Frederick
g9elgare,Elgar,Edward
c8holstg,Holst,Gustav
c5schrek,Schreker,Franz
g9bergal,Berg,Alban
g8dukasp,Dukas,Paul
g5ippoli,Ippolitov-Ivanov,Mikhail
c7sukjos,Suk,Josef
c5glazun,Glazunov,Alexander
c9respig,Respighi,Ottorino
c6gershw,Gershwin,George
c5ravelm,Ravel,Maurice
g6rousse,Roussel,Albert
c8szyman,Szymanowski,Karol
g6widorc,Widor,Charles-Marie
c8godows,Godowsky,Leopold
g7schmid,Schmidt,Franz
c9tourne,Tournemire,Charles
c6revuel,Revueltas,Silvestre
c6bridge,Bridge,Frank
c6padere,Paderewski,Ignacy Jan
c6sindin,Sinding,Christian
c5schulh,Schulhoff,Erwin
c5zemlin,Zemlinsky,Alexander von
c8rachma,Rachmaninov,Sergei
g7beacha,Beach,Amy
c6chamin,Chaminade,Cecile
c7roslav,Roslavets,Mykola
c6bartok,Bartok,Bela
c8webern,Webern,Anton
c7defall,de Falla,Manuel
g7madeto,Madetoja,Leevi
c5leharf,Lehar,Franz
g8wolf-f,Wolf-Ferrari,Ermanno
c7pfitzn,Pfitzner,Hans
c9novakv,Novak,Vitezslav
g6skalko,Skalkottas,Nikolaos
g9straus,Strauss,Richard
c6koechl,Koechlin,Charles
c8moeran,Moeran,Ernest John
c8myasko,Myaskovsky,Nikolay
c9weillk,Weill,Kurt
g9lamber,Lambert,Constant
c5medtne,Medtner,Nikolay
c7schoen,Schoenberg,Arnold
c7langga,Langgaard,Rued
c6baxarn,Bax,Arnold
c8jongen,Jongen,Joseph
c9prokof,Prokofiev,Sergei
c8ivesch,Ives,Charles
c9roger-,Roger-Ducasse,Jean
c5honegg,Honegger,Arthur
g6enescu,Enescu,George
c5charpe,Charpentier,Gustave
c9finzig,Finzi,Gerald
c5gliere,Gliere,Reinhold
c9grecha,Grechaninov,Alexander
c8korngo,Korngold,Erich Wolfgang
g9sibeli,Sibelius,Jean
g9schmit,Schmitt,Florent
g8willia,Williams,Ralph Vaughan
c5anthei,Antheil,George
c5bloche,Bloch,Ernest
c8ketelb,Ketelbey,Albert
g8martin,Martinu,Bohuslav
c5villa-,Villa-Lobos,Heitor
g6alfven,Alfven,Hugo
c7benjam,Benjamin,Arthur
g7dohnan,Dohnanyi,Erno
c5hillal,Hill,Alfred
g7guridi,Guridi,Jesus
c9klamiu,Klami,Uuno
c8riegge,Riegger,Wallingford
g6ibertj,Ibert,Jacques
c5irelan,Ireland,John
g9kalomi,Kalomiris,Manolis
g9hartma,Hartmann,Karl Amadeus
c8hindem,Hindemith,Paul
c9lajtha,Lajtha,Laszlo
c7poulen,Poulenc,Francis
c9szelig,Szeligowski,Tadeusz
g9dysong,Dyson,George
g5tocher,Toch,Ernst
c6cowell,Cowell,Henry
c7varese,Varese,Edgard
c9gianni,Giannini,Vittorio
c5nystro,Nystroem,Gosta
g9porter,Porter,Quincy
g7kodaly,Kodaly,Zoltan
g6vermeu,Vermeulen,Matthijs
c8castel,Castelnuovo-Tedesco,Mario
c6lyatos,Lyatoshynsky,Borys
c7pizzet,Pizzetti,Ildebrando
c5lindeb,Linde,Bo
g7mckayg,McKay,George Frederick
c8scottc,Scott,Cyril
g6rawsth,Rawsthorne,Alan
c8ruggle,Ruggles,Carl
c6stravi,Stravinsky,Igor
c9brianh,Brian,Havergal
c7grofef,Grofe,Ferde
c6malipi,Malipiero,Gian Francesco
c5mosolo,Mosolov,Alexander
g9atterb,Atterberg,Kurt
c9jolive,Jolivet,Andre
c6martin,Martin,Frank
c5milhau,Milhaud,Darius
g7scherb,Scherber,Martin
c6welles,Wellesz,Egon
c7blissa,Bliss,Arthur
c7dallap,Dallapiccola,Luigi
c8shosta,Shostakovich,Dmitri
c9britte,Britten,Benjamin
c6anders,Anderson,Leroy
c9piston,Piston,Walter
g5khacha,Khachaturian,Aram
c6eggekl,Egge,Klaus
c9harris,Harris,Roy
c6petter,Pettersson,Allan
g8barber,Barber,Samuel
c5bennet,Bennett,Robert Russell
c5hanson,Hanson,Howard
c9tveitt,Tveitt,Geirr
c8orffca,Orff,Carl
c5tubine,Tubin,Eduard
c9auricg,Auric,Georges
c7ginast,Ginastera,Alberto
c8howell,Howells,Herbert
c9ivanov,Ivanovs,Janis
g7markev,Markevitch,Igor
c6mennin,Mennin,Peter
g6taille,Tailleferre,Germaine
c9walton,Walton,William
g9thomps,Thompson,Randall
c9alwynw,Alwyn,William
g6cresto,Creston,Paul
c7rosenb,Rosenberg,Hilding
g5sessio,Sessions,Roger
c7larsso,Larsson,Lars-Erik
c5rubbra,Rubbra,Edmund
c9tansma,Tansman,Alexandre
c9feldma,Feldman,Morton
c8kabale,Kabalevsky,Dmitri
c7nyireg,Nyiregyhazi,Ervin
g5persic,Persichetti,Vincent
c5johnso,Johnson,David N.
c8leight,Leighton,Kenneth
c5berkel,Berkeley,Lennox
g7saugue,Sauguet,Henri
c8thomso,Thomson,Virgil
c7bernst,Bernstein,Leonard
c9coplan,Copland,Aaron
c6nonolu,Nono,Luigi
c8orbonj,Orbon,Julian
g7panufn,Panufnik,Andrzej
c7albert,Albert,Stephen
c5cagejo,Cage,John
g8messia,Messiaen,Olivier
c8piazzo,Piazzolla,Astor
g9schuma,Schuman,William
c7guarni,Guarnieri,Camargo
c6flagel,Flagello,Nicolas
g9lutosl,Lutoslawski,Witold
c7maconc,Maconchy,Elizabeth
c9rozsam,Rozsa,Miklos
c8yunisa,Yun,Isang
g8deniso,Denisov,Edison
c9holmbo,Holmboe,Vagn
c6kokkon,Kokkonen,Joonas
c9talmal,Talma,Louise
c8tchaik,Tchaikovsky,Boris
g6takemi,Takemitsu,Toru
c6weinbe,Weinberg,Mieczyslaw
c7franca,Francaix,Jean
c5nancar,Nancarrow,Conlon
c9simpso,Simpson,Robert
c7kimear,Kim,Earl
g9koppel,Koppel,Herman David
c6lloydg,Lloyd,George
c9schnit,Schnittke,Alfred
c7tippet,Tippett,Michael
c9englun,Englund,Einar
c9lieber,Liebermann,Rolf
c8rodrig,Rodrigo,Joaquin
c7hovhan,Hovhaness,Alan
c5helpsr,Helps,Robert
g8lilbur,Lilburn,Douglas
c8ornste,Ornstein,Leo
g7beriol,Berio,Luciano
c7petras,Petrassi,Goffredo
g9diamon,Diamond,David
g7eberha,Eberhard,Dennis
c9rochbe,Rochberg,George
c7arnold,Arnold,Malcolm
g5ligeti,Ligeti,Gyorgy
c8menott,Menotti,Gian Carlo
c6stockh,Stockhausen,Karlheinz
c0aatol,Aatolia,Heikki
g8abael,Abaelardus,Petrus
g5abel,Abel,Carl Friedrich
g5absil,Absil,Jean
g7achro,Achron,Joseph
g2adam,Adam,Adolphe-Charles
g4addin,Addinsell,Richard
g4agrel,Agrell,Johan Joachim
g1agric,Agricola,Alexander
c0agric,Agricola,Johann Friedrich
c4aguad,Aguado,Dionisio
g5aguil,Aguilera de heredia,Sebastian
c1alain,Alain,Jehan
g4alba,Alba,Alfonso Perez de
g7alben,Albeniz,Isaac
g3alber,Albero,Sebastian de
g1alber,Alberti,Gasparo
c4alber,Alberti,Giuseppe Matteo
c3albin,Albinoni,Tomaso
g3albre,Albrechtsberger,Johann Georg
g3alexa,Alexandrov,Anatoly
c4alfve,Alfven,Hugo
g3alkan,Alkan,Charles-Henri Valentin
g0alleg,Allegri,Gregorio
c5alleg,Allegri,Lorenzo
c2alpae,Alpaerts,Flor
c8alten,Altenburg,Johann Ernst
c3altni,Altnikol,Johann Christoph
c0alvar,Alvarado,Diego de
c1alwyn,Alwyn,William
c3ammer,Ammerbach,Elias Nikolaus
c6andre,Andree,Elfrida
c7andre,Andreu,Francesc
g0andri,Andriessen,Louis
g2angus,Angus,John
g1antes,Antes,John
g8anthe,Antheil,George
c6antil,Antill,John
g2apost,Apostel,Hans Erich
c9arcad,Arcadelt,Jacques
g5arens,Arensky,Anton Stepanovich
c4arkha,Arkhangelsky,Alexander Andreyevich
g0arne,Arne,Thomas Augustine
c0arnol,Arnold,Carl
g1arnol,Arnold,Malcolm Henry
g1arria,Arriaga,Juan Chrisostomo Jacobo Antonio de
c7artzi,Artzibushev,Nikolai
c3attai,Attaingnant,Pierre
g4atter,Atterberg,Kurt
g3auber,Auber,Daniel-Francois-Esprit
c8auber,Aubert,Jacques
c8aulin,Aulin,Laura Valborg
g6aviso,Avison,Charles
g2babel,Babell,William
g2bacew,Bacewicz,Grazyna
g4bachc,Bach,Carl Philipp Emanuel
g4bachjc,Bach,Johann Christian
c3bach,Bach,Johann Christoph Friedrich
c1bach,Bach,Johann Ernst
c9bach,Bach,Johann Sebastian
c2bach,Bach,Wilhelm Friedemann
c0bache,Bacheler,Daniel
g8backo,Backofen,Johann Georg Heinrich
c1baerm,Baermann,Carl
g6bague,Baguer,Carlos
c6bakfa,Bakfark,Balint
c3balak,Balakirev,Mili Alexeyevich
c9balba,Balbastre,Claude-Benigne
g1balda,Baldassare,Pietro
c6balle,Balletti,Bernardino
g3bansh,Banshchikov,Gennadi
g2banto,Bantock,Sir Granville Ransome
g2barba,Barbarino,Bartolomeo
g1barbe,Barber,Samuel
g8barbe,Barbetta,Giulio Cesare
c9bargi,Bargiel,Woldemar
c1barra,Barraud,Henry
g2barri,Barriere,Jean
c7barsa,Barsanti,Francesco
g4barto,Bartok,Bela
g1basar,Basarab,Mircea
c9bassa,Bassani,Orazio
g1bassa,Bassano,Giovanni
c0basto,Baston,John
g9bath,Bath,Hubert
g1batti,Battiferri,Luigi
c7batti,Battioli,Francesco
c6baur,Baur,Jean-Pierre
c2baxar,Bax,Sir Arnold Edward Trevor
g2beach,Beach,Amy Marcy Cheney
g8beave,Beaver,Jack
g7beck,Beck,Franz Ignaz
c8becke,Becker,Dietrich
c6beeck,Beecke,Ignaz Franz von
c1beer,Beer,Joseph
c4beerh,Beerhalter,Alois
c6beeth,Beethoven,Ludwig van
c0bella,Bella,Jan Levoslav
g7belli,Bellini,Vincenzo
g4belli,Bellinzani,Paolo Benedetto
g2benci,Bencini,Pietro Paolo
c8benda,Benda,Frantisek
c3benda,Benda,Jan Jiri
c7bendi,Bendinelli,Cesare
c6bendi,Bendix,Victor Emanuel
g3benev,Benevoli,Orazio
c3bengr,Bengraf,Joseph
c4bengt,Bengtsson,Gustaf Adolf Tiburtius
c4benne,Bennett,Richard Rodney
c5benne,Bennett,Robert Russell
g7benne,Bennett,Sir William Sterndale
c1benoi,Benoit,Peter
c5berg,Berg,Alban
c1berge,Berger,Wilhelm
c6berio,Berio,Luciano
c2berio,Beriot,Charles-Auguste de
g4berke,Berkeley,Sir Lennox
c2berli,Berlioz,Louis-Hector
g1berne,Berners,Lord
c2berns,Bernstein,Leonard
c6berr,Berr,Friedrich
c6berta,Bertali,Antonio
g0berti,Bertini,Henri-Jerome
c6berwa,Berwald,Franz Adolf
c7besoz,Besozzi,Carlo
g7biber,Biber,Carl Heinrich
g6biber,Biber,Heinrich Ignaz Franz von
c7binch,Binchois,Gilles de Bins dit
c7binge,Binge,Ronald
g3birke,Birkenstock,Johann Adam
c7bizet,Bizet,Georges Alexandre-Cesar-Leopold
c8black,Black,John
g9blasi,Blasius,Matthaus Frederic
c0blave,Blavet,Michel
c7bliss,Bliss,Sir Arthur Edward Drummond
g7blith,Blitheman,John
c1bloch,Bloch,Ernest
c1block,Blockx,Jan
g3blow,Blow,John
c9blume,Blumenfeld,Felix Mikhailovich
c0bocch,Boccherini,Luigi
c7boeck,Boeck,August de
c7boell,Boellmann,Leon
c6boely,Boely,Alexandre Pierre Francois
c6bohda,Bohdanowicz,Bazvli
g9bohm,Bohm,Georg
c9bohne,Bohner,Johann Ludwig
g3boiel,Boieldieu,Francois-Adrien
g4boism,Boismortier,Joseph Bodin de
c0bolco,Bolcom,William Elden
g3bona,Bon,Anna
g2bond,Bond,Capel
c7boni,Boni,Guillaume
c3boniz,Bonizzi,Vincenzo
g8bonon,Bononcini,Giovanni
c6bonpo,Bonporti,Francesco Antonio
g0borod,Borodin,Alexander Porfir'yevich
g9borre,Borresen,Hakon
c2borro,Borrono,Pietro Paolo
c4bortk,Bortkiewicz,Sergei
g7bortn,Bortniansky,Dmitry Stepanovich
c3bossi,Bossinensis,Franciscus
c4botte,Bottesini,Giovanni
g8bough,Boughton,Rutland
c0boula,Boulanger,Juliette Marie Olga Lili
g5boulo,Boulogne,Joseph
g6bowen,Bowen,Edwin York
g1boyce,Boyce,William
c1bozza,Bozza,Eugene
c6brade,Brade,William
g0brahm,Brahms,Johannes
c9brand,Brandl,Johann Evangelist
g2brant,Brant,Per
c0brass,Brassart,Johannes
g1brass,Brassin,Louis
g7braun,Braun,Gunter
g6bree,Bree,Johannes Bernardus van
c3bresc,Brescianello,Giuseppi Antonio
c0breto,Breton,Tomas
c7breva,Breval,Jean-Baptiste Sebastien
g6brian,Brian,Havergal
g0bricc,Briccialdi,Giulio
c1bridg,Bridge,Frank
g8brist,Bristow,George Frederick
g1brito,Brito,Estevao de
c0britt,Britten,Lord Benjamin
c9brixi,Brixi,Franz Xaver
c7brod,Brod,Henri
g3brons,Bronsart von schellendorf,Hans
g9brook,Brooks,James
g7brown,Brown,Earle
c2brown,Browne,John
g8bruch,Bruch,Max
c0bruck,Bruckner,Anton Joseph
g5bruhn,Bruhns,Nikolaus
g3brull,Brull,Ignaz
c4brume,Brumel,Antoine
g7bruna,Bruna,Pablo
g1brune,Bruneau,Alfred Louis Charles Bonaventure
g7brune,Brunetti,Gaetano
g7bruss,Brusselmans,Michel
g9bruzd,Bruzdowicz,Joanna
g4buck,Buck,Dudley
g3bull,Bull,John
g0bulow,Bulow,Hans Guido von
c8buona,Buonamente,Giovanni Battista
c4buono,Buono,Gioan Pietro del
c5burgm,Burgmuller,Norbert
g4burtc,Burtch,Mervyn
g0burto,Burton,John
g4busby,Busby,Thomas
g9busno,Busnoys,Antoine
c0buson,Busoni,Ferruccio Dante Michelangelo Benvenuto
g3busti,Bustijn,Pieter
c3butte,Butterworth,George Sainton Kaye
g7buxte,Buxtehude,Dietrich
g2byrd,Byrd,William
c3bystr,Bystrom,Oscar Fredrik Bernadotte
g7bystr,Bystrom,Thomas
g1caban,Cabanilles,Juan Bautista Jose
c6cabez,Cabezon,Antonio de
c3cabez,Cabezon,Hernando de
c5cadma,Cadman,Charles Wakefield
g5cage,Cage,John
c2caix,Caix,Barthelemy de
g6calda,Caldara,Antonio
c8call,Call,Leonhard von
c1cambi,Cambini,Giuseppe Maria Gioachino
c6campr,Campra,Andre
g5canna,Cannabich,Johann Christian Innocenz Bonaventura
g9capel,Capelli,Giovanni Maria
g5capil,Capillas,Francesco Lopez
c5capir,Capirola,Vincenzo
g2carca,Carcassi,Matteo
g5cardo,Cardoso,Frei Manuel
g3caris,Carissimi,Giacomo
g8caros,Caroso,Fabrizzio
g7carpe,Carpenter,John Alden
c9carre,Carreira,Antonio
c5carre,Carreno,Maria Teresa
g6carte,Cartellieri,Antonio Casimir
g1carte,Carter,Elliott Cook Jr.
g7carul,Carulli,Benedetto
g3carul,Carulli,Ferdinando
c1carve,Carver,Robert
c4casel,Casella,Alfredo
g2casta,Castaldi,Bellerofonte
g7caste,Castello,Dario
g8caste,Castelnuovo-tedesco,Mario
g7casti,Castillon,Alexis Vicomte de
g6catal,Catalani,Alfredo
c4cato,Cato,Diomedes
c7caval,Cavallini,Ernesto
c5cavaz,Cavazzoni,Marcantonio
g8cazza,Cazzati,Maurizio
g7cebal,Ceballos,Rodrigo de
g7cecer,Cecere,Carlo
g5cerer,Cererols,Joan
g2cerva,Cervantes,Ignatio
c7chabr,Chabrier,Alexis-Emmanuel
g2chadw,Chadwick,George Whitefield
c1chaje,Chajes,Julius
c3chamb,Chambonnieres,Jacques Champion de
g3chami,Chaminade,Cecile
g6chanc,Chancelier,Philippe le
c4charp,Charpentier,Marc-Antoine
c2chaus,Chausson,Amedee-Ernest
g7chave,Chavez,Carlos
c9cheru,Cherubini,Maria Luigi Carlo Zenobio Salvatore
c6chesn,Chesnokov,Pavel
g2chilc,Chilcot,Thomas
c3chipp,Chipp,Edmund Thomas
g8chopi,Chopin,Frederic Francois
c1chris,Christian,Prince Louis Ferdinand of Prussia
c0ciaja,Ciaja,Azzolino Bernardino Della
c8cicon,Ciconia,Johannes
c4cilea,Cilea,Francesco
g5cima,Cima,Andrea
c0cima,Cima,Giovanni Paolo
g2cimar,Cimarosa,Domenico
g0cirri,Cirri,Giovanni Battista
c6ciurl,Ciurlionis,Mikolajus Konstantinas
c2clark,Clarke,Jeremiah
c9clark,Clarke,Rebecca
g7clavi,Clavijo del castillo,Bernardo
g5cleme,Clemens non papa,Jacobus
c0cleme,Clementi,Muzio
c9clera,Clerambault,Louis-Nicolas
c6coate,Coates,Eric
g7coelh,Coelho,Manuel Rodrigues
g9coler,Coleridge-taylor,Samuel
c4coles,Coles,Cecil Frederick Gottlieb
c2colis,Colista,Lelio
g6confo,Conforti,Giovanni Battista
c8const,Constantinescu,Paul
g2conve,Converse,Frederick Shepherd
g1conve,Conversi,Girolamo
g7copla,Copland,Aaron
c8copra,Coprario,John
g5corbe,Corbetta,Francesco
g4corde,Corder,Frederick
c2cordi,Cordier,Baude
c8corel,Corelli,Arcangelo
g4corig,Corigliano,John Paul
c2corna,Cornago,Johannes
g4corny,Cornysh,William
c8corra,Corradini,Nicolo
c2corre,Correa de arauxo,Francisco
g9corre,Corrette,Michel
g6coste,Coste,Napoleon
c3coupe,Couperin,Armand-Louis
g3coupe,Couperin,Francois
c2coupe,Couperin,Louis
g0cowen,Cowen,Sir Frederic Hymen
c8crame,Cramer,John Baptist
c0cras,Cras,Jean-Emile-Paul
g5crecq,Crecquillon,Thomas
c4crema,Crema,Giovanni Maria da
g8crest,Creston,Paul
c6crist,Cristo,Pedro de
c2croft,Croft,William
g3crotc,Crotch,William
g8crumb,Crumb,George Henry
g2cruse,Crusell,Bernhard Henrik
g6cuic,Cui,Cesar
g2cupis,Cupis de camargo,Francois
c8cutti,Cutting,Francis
c4czart,Czarth,Georg
c7czern,Czerny,Carl
g5d'alb,D'albert,Eugene Francis Charles
c0dale,Dale,Benjamin James
g2dalla,Dalla casa,Girolamo
c8dalla,Dall'abaco,Evaristo Felice
c4dalza,Dalza,Joanambrosio
g8damar,Damare,Eug3ne
g5dancl,Dancla,Jean Baptiste Charles
g1dandr,Dandrieu,Jean-Francois
g9d'ang,D'anglebert,Jean-Henri
g3danie,Danielpour,Richard
g2danzi,Danzi,Franz
c4daqui,Daquin,Louis-Claude
c9dargo,Dargomyzhsky,Alexander
c2daupr,Dauprat,Louis-Francois
g4davau,Davaux,Jean-Baptiste Citoyen
g7david,David,Felicien-Cesar
g2david,Davidov,Karl Yul'yevich
c0davie,Davies,Sir Henry Walford
g7davy,Davy,Richard
c7davyd,Davydov,Karl Yulievich
g6dawso,Dawson,William Levi
g2de fe,De fesch,Willem
g8dema,De machy,Le Sieur
c4dema,De maque,Giovanni
c8debus,Debussy,Achille-Claude
g4delal,Delalande,Michel-Richard
c3delib,Delibes,Clement-Philibert-Leo
g2deliu,Delius,Frederick (Fritz) Theodor Albert
g9della,Dell'arpa,Orazio Mihi
g4dello,Dello joio,Norman
c1demac,Demachy,Sieur
c1demar,Demar,Johann Sebastian
c9denti,Dentice,Fabrizio
c0des p,Des prez,Josquin
g8desar,Desargus,Xavier
g7despo,Despond,Luc
g4desto,Destouches,Andre-Cardinal
c9devie,Devienne,Francois
c9diabe,Diabelli,Anton
c6diamo,Diamond,David
g8diepe,Diepenbrock,Alphons
c2dietr,Dietrich,Albert Hermann
g9dieup,Dieupart,Charles Francois
c1dimml,Dimmler,Franz Anton
g1dind,D'indy,Paul-Marie-Theodore-Vincent
g5dinic,Dinicu,Grigoras
c7distl,Distler,Hugo
g8ditte,Dittersdorf,Karl Ditters von
g5dizi,Dizi,Francois-Joseph
c8dohna,Dohnanyi,Ernst von
c8doniz,Donizetti,Domenico Gaetano Maria
g2doppe,Dopper,Cornelis
g1doppl,Doppler,Albert Franz
c4doppl,Doppler,Karl
g5dorne,Dornel,Louis Antoine
g2dotza,Dotzauer,Justus Johann Friedrich
g5dowla,Dowland,John
g5draes,Draeseke,Felix
g7drago,Dragonetti,Domenico
c1dreys,Dreyschock,Alexander
g5druck,Druckman,Jacob Raphael
c5druze,Druzecky,Jiri
c5duca,Du caurroy,Francois-Eustache
c9dufa,Du fault,Francois
g8dupu,Du puy,Jean Baptiste Edouard Louis Camille
c0dufay,Dufay,Guillaume
c8dukas,Dukas,Paul
g8dulic,Dulichius,Philipp
c5dumon,Dumont,Henri
c1dunhi,Dunhill,Thomas Frederick
g3dunst,Dunstable,John
c7duphl,Duphly,Jacques
c0dupor,Duport,Jean-Louis
c4dupor,Duport,Jean-Pierre
g2duran,Durante,Francesco
c1duron,Duron,Sebastian
g2duruf,Durufle,Maurice
g6dusek,Dusek,Frantisek Xaver
g0dusse,Dussek,Jan Ladislav
c9dutil,Dutilleux,Henri
g7duval,Duval,Mlle.
c2dvora,Dvorak,Antonin
g5dyson,Dyson,Sir George
g9eberl,Eberl,Anton
g1eckar,Eckard,Johann Gottfried
c9eecha,Eechaute,Prosper van
g9eisle,Eisler,Hanns
c3elene,Elenescu,Emanuel
c6elgar,Elgar,Sir Edward William
g6eller,Eller,Heino
c4ellin,Elling,Catharinus
g6ellin,Ellington,Edward Kennedy Duke
c8emman,Emmanuel,Maria Francois Maurice
g4encin,Encina,Juan del
c6endle,Endler,Johann Samuel
g3enesc,Enescu,Georges
g8englu,Englund,Einar Sven
g0erdma,Erdmann,Eduard
g9erkel,Erkel,Ferenc
g5ernst,Ernst,Heinrich Wilhelm
c7escob,Escobar,Pedro de
g8facol,Facoli,Marco
g8fairc,Fairchild,Blair
c0faiss,Faisst,Clara
g6falco,Falconieri,Andrea
c8falla,Falla,Manuel De
c5fano,Fano,Guido Alberto
g6fanti,Fantini,Girolamo
g7farin,Farina,Carlo
c4farna,Farnaby,Giles
c9farno,Farnon,Robert Joseph
c4farre,Farrenc,Jeanne-Louise
g5farwe,Farwell,Arthur
c6fasch,Fasch,Johann Friedrich
g5faure,Faure,Gabriel-Urbain
c8fayrf,Fayrfax,Robert
g0febel,Febel,Reinhard
g2feldm,Feldman,Morton
g8fergu,Ferguson,Howard
c1fergu,Ferguson,Ludwig Wilhelm Tepper von
c7ferna,Fernandez,Aires
c2ferna,Fernandez,Lucas
g9ferns,Fernstrom,John Axel
c9ferra,Ferrabosco,Alphonso II
g6ferra,Ferrar,Ernest Bristow
g2festa,Festa,Costanzo
g7fetis,Fetis,Francois-Joseph
g2fevin,Fevin,Antoine De
c7fevri,Fevrier,Pierre
c1fiala,Fiala,Joseph
g0fiame,Fiamengo,Leonardo Meldart
c1fibic,Fibich,Zdenek
g1field,Field,John
c2fils,Fils,Johann Antonin
c4finzi,Finzi,Gerald Raphael
c4fiocc,Fiocco,Joseph-Hector
c8fiori,Fiorillo,Federigo
c2fisch,Fischer,Johann Caspar Ferdinand
g5fisch,Fischer,Johann Christian
g0fitze,Fitzenhagen,Karl Friedrich Wilhelm
c1fleis,Fleischmann,Aloys
g9focki,Focking,Hendrik
g5fodor,Fodor,Carel Anton
g7foers,Foerster,Josef Bohuslav
g6fonse,Fonseca,Manuel da
g3fonta,Fontaine,Pierre
g7fonta,Fontana,Giovanni Battista
g6eonta,Eontanelli,Conte Alfonso
c8foote,Foote,Arthur William
g3ford,Ford,Thomas
c1foron,Foroni,Jacopo
c7forqu,Forqueray,Antoine
g0forst,Forster,Christoph
g4forst,Forster,Georg
c3fossa,Fossa,Francois de Paule Jacques Raymond de
g5foste,Foster,Stephen Collins
c8franc,Francaix,Jean-Rene Desire
g5franc,Franceschini,Petronio
c5franc,Franchomme,Auguste-Joseph
g2franc,Franck,Cesar-Auguste-Jean-Guillaume-Hubert
c3franc,Franck,Eduard
g7franc,Franck,Richard
c1franc,Franco,Hernando
c9franc,Francoeur,Francois
c0frank,Frank,Ernst
c8frank,Frankel,Benjamin
g7frank,Franklin,Benjamin
g5fresc,Frescobaldi,Girolamo
c4fried,Friedman,Ignaz
c4frige,Frigel,Pehr
c7fritz,Fritz,Gaspard
g1frobe,Froberger,Johann Jakob
g0frohl,Frohlich,Franz Joseph
c3frohl,Frohlich,Johannes Frederik
g9fry w,Fry,William Henry
g1frye,Frye,Walter
c1fuchs,Fuchs,Georg Friedrich
g8fuchs,Fuchs,Robert
c2fulbe,Fulbert,Bishop of Chartres
g5furch,Furchheim,Johann-Wilhelm
c2furst,Furstenau,Anton Bernhard
g2furtw,Furtwangler,Wilhelm
g7fuss,Fuss,Johann Evangelist
g4fux j,Fux,Johann Joseph
c2gabri,Gabrieli,Andrea di Cannaregio
c5gabri,Gabrieli,Domenico
c0gabri,Gabrieli,Giovanni
c8gade,Gade,Axel
g3gade,Gade,Niels Wilhelm
c9galil,Galilei,Vincenzo
g2galla,Gallant,Pierre
c0galle,Galles,Jose
g5gallo,Gallo,Domenico
c4gallo,Gallot,Jacques de
g7galup,Galuppi,Baldassare
g3gamba,Gambaro,Vincenzo
g7gardi,Gardiner,Henry Balfour
c8garni,Garnier,Joseph Francois
g2garth,Garth,John
c4gatti,Gatti,Luigi Maria Baldassare
c6gaube,Gaubert,Philippe
c6gault,Gaultier,Denis
c4gault,Gaultier,Ennemond
g9gault,Gaultier,Jacques
g6gebau,Gebauer,Francois-Rene
g8gebel,Gebel,Franz Xaver
g5gehot,Gehot,Joseph
g8gemin,Geminiani,Francesco Xaverio
c4geoff,Geoffroy,Jean-Nicolas
c7germa,German,Sir Edward
g3gersh,Gershwin,George
c1gerva,Gervaise,Claude
c5gesua,Gesualdo,Don Carlo
g6ghedi,Ghedini,Giorgio Federico
g1giann,Giannini,Vittorio
g1giard,Giardini,Felice de'
g9gibbo,Gibbons,Christopher
c3gibbo,Gibbons,Orlando
g6gibbs,Gibbs,Cecil Armstrong
c2gibbs,Gibbs,Joseph
g1giele,Gielen,Michael
c5giese,Gieseking,Walter
g8gilbe,Gilbert,Henry Franklin Belknap
c5gilbe,Gilbert,Sir William Schwenck
g6gille,Gilles,Jean Hyacinthe Theodore
g1gilso,Gilson,Paul
c2ginas,Ginastera,Alberto
g8giorn,Giornovichi,Giovanni Mane
g1giuli,Giuliani,Mauro Giuseppe Sergio Pantaleo
g4glase,Glaser,Werner Wolf
g4glass,Glass,Louis
c6glass,Glass,Philip
g4glazu,Glazunov,Alexander Konstantinovich
g2glier,Gliere,Reinhold Moritsevich
g0glink,Glinka,Mikhail Ivanovich
c6gluck,Gluck,Christoph Willibald Ritter von
c6godar,Godard,Benjamin Louis Paul
c2godef,Godefroid,Felix
c7godow,Godowsky,Leopold
c5goedi,Goedicke,Alexander
c5goetz,Goetz,Hermann
c2golab,Golabek,Jakub
g2goldb,Goldberg,Johann Gottlieb
c1goldm,Goldmark,Karoly
c5golds,Goldschmidt,Bertold
c9gombe,Gombert,Nicolas
g1gooss,Goossens,Sir Eugene
c1gorec,Gorecki,Henryk Mikolaj
c5gorza,Gorzanis,Giacomo
c0gosse,Gossec,Francois-Joseph
c1goste,Gostena,Giovanni Battista Della
c0gotts,Gottschalk,Louis Moreau
g7gotz,Gotz,Johann
c1gould,Gould,Morton
g6gouno,Gounod,Charles Francois
c0gouvy,Gouvy,Louis Theodore
g9graaf,Graaf,Christian Ernst
c2graf,Graf,Friedrich Hartmann
g5gragn,Gragnani,Filippo
c6grain,Grainger,Percy Aldridge
c6grana,Granados,Enrique
g0graun,Graun,Carl Heinrich
g8graun,Graun,Johann Gottlieb
c9graup,Graupner,Christoph
g0green,Greene,Maurice
g2greno,Grenon,Nicolas
c7grens,Grenser,Johann Friedrich
g4gretc,Gretchaninov,Alexander Tikhonovich
g1gretr,Gretry,Andre-Ernest-Modeste
c5grieg,Grieg,Edvard Hagerup
g4griff,Griffes,Charles Tomlinson
g4grign,Grigny,Nicolas de
c1grofe,Grofe,Ferde Ferdinand Rudolph von
c5gross,Grossin,Etienne
g4grude,Grudencz,Petrus Wilhelmi de
c4guami,Guami,Francesco
c5guami,Guami,Gioseffo
c9guami,Guami,Giuseppe
g7guarn,Guarnieri,Mozart Camargo
c0guast,Guastavino,Carlos
c0gubai,Gubaidulina,Sifiya Asgatovna
g7guerr,Guerrero,Francesco
c2guill,Guillelmus,Monachus
c4guill,Guillemain,Louis-Gabriel
g2guilm,Guilmant,Felix Alexandre
c9gyrow,Gyrowetz,Adalbert
c7hadle,Hadley,Henry Kimball
g1haeff,Haeffner,Johann Christian Friedrich
c3hagen,Hagen,Joachim Bernard
c9hagg,Hagg,Jakob Adolf
c7hahn,Hahn,Reynaldo
g9halff,Halffter,Ernesto
c4halvo,Halvorsen,Johan
g7hamal,Hamal,Jean-Noel
c2hamer,Hamerik,Asger
c3hamer,Hamerik,Ebbe
c4hande,Handel,George Frideric
g6hanse,Hansel,Peter
c3hanso,Hanson,Howard
g5harqu,Harquart,Carolus
c0harri,Harris,Roy
c8harri,Harrison,Lou
c1hartm,Hartmann,Emil
g8hartm,Hartmann,Johann Peter Emilius
g0harty,Harty,Sir Herbert Hamilton
c2hasse,Hasse,Johann Adolph
c8hasse,Hasselmans,Alphonse
c0hassl,Hassler,Hans Leo
g7hassl,Hassler,Johann Wilhelm
c6haydn,Haydn,Franz Joseph
c5haydn,Haydn,Johann Michael
c7hayes,Hayes,Philip
c1head,Head,Michael Dewar
c1hebde,Hebden,John
c3heini,Heinichen,Johann David
g3heinz,Heinze,Gustaf Adolf
g5heise,Heise,Peter Arnold
g0helfe,Helfer,Charles de
c6helle,Hellendaal,Pieter
g7helle,Heller,Stephen
c6helmb,Helmbreker,Cornelis Janszoon
c2hely,Hely,Cuthbert
c5hense,Hensel,Fanny Cecilia Mendelssohn
g0hense,Henselt,Adolph von
g2herbe,Herberigs,Robert
c4herbe,Herbert,Victor
c2herna,Hernandez,Francisco
c2herol,Herold,Louis-Ferdinand
c9herrm,Herrmann,Bernard
g5hersh,Hershel,Sir William Friedrich Wilhelm
g1herte,Hertel,Johann Wilhelm
g7herzo,Herzogenberg,Heinrich von
c1hill,Hill,Alfred
c6hille,Hiller,Ferdinand
g7hille,Hiller,Lejaren
g5hinde,Hindemith,Paul
c6hoddi,Hoddinott,Alun
g6hoffm,Hoffmann,Ernst Theodor Amadeus
c8hoffm,Hoffmeister,Franz Anton
g1hofma,Hofmann,Leopold
g6hofma,Hofmann,Wolfgang
c1holr,Hol,Richard
g0holbo,Holborne,Anthony
c2holbr,Holbrooke,Josef
c1hollo,Holloway,Robin Greville
g5holmb,Holmboe,Vagn
g9holme,Holmes,Augusta Mary Anne
c7holst,Holst,Gustav Theodore
g0holte,Holter,Iver Paul Fredrik
g7holzb,Holzbauer,Ignaz Jakob
c3homil,Homilius,Gottfried August
g9honeg,Honegger,Arthur Oscar
g6hoof,Hoof,Jef van
g5hook,Hook,James
c2hopke,Hopken,Arvid Niclas von
g2horne,Horneman,Christian Frederik Emil
c2hotte,Hotteterre,Jacques
c9howel,Howells,Herbert
g3hubay,Hubay,Jeno
c5huber,Huber,Hans
g1hueg,Hue,Georges-Adolphe
c8humme,Hummel,Johann Nepomuk
g9humpe,Humperdinck,Engelbert
g8hurls,Hurlstone,William Yeates
c4huss,Huss,Henry Holden
g9hygon,Hygons,Richard
c5ibert,Ibert,Jacques
g1ippol,Ippolitov-ivanov,Mikhail Mihaylovich
c9irela,Ireland,John
g7isaac,Isaac,Heinrich
g7ishch,Ishchenko,Yury
g6ivano,Ivanovici,Iosif
g2ives,Ives,Charles Edward
c6jacob,Jacob,Gordon
g1jadin,Jadin,Hyacinthe
c2jadin,Jadin,Louis-Emmanuel
g3janac,Janacek,Leos
c3janeq,Janequin,Clement
c0janit,Janitsch,Johann Gottlieb
c3jarne,Jarnefelt,Armas
c8jenki,Jenkins,John
g8jienz,Jienzhong,Wang
g7jirko,Jirko,Ivan
g9jirov,Jirovec,Vojtech
g7joach,Joachim,Joseph
g8johns,Johnsen,Hinrich Philip
c9johns,Johnson,Robert
g0jones,Jones,Edward
g2jones,Jones,Richard
c6jones,Jones,Samuel
g8jong,Jong,Marinus de
g4jonge,Jongen,Marie-Alphonse-Nicolas-Joseph
c9josep,Josephson,Jacob Axel
g2juon,Juon,Paul
g1just,Just,Justin August
c3juven,Juvenis,Engarandus
g8kabal,Kabalevsky,Dmitri Borisovich
g8kalin,Kalinnikov,Vasily Sergeyevich
c1kalkb,Kalkbrenner,Friedrich Wilhelm Michael
g1kalli,Kalliwoda,Johann Wenzel
c8kalls,Kallstenius,Edvin
g5kanch,Kancheli,Giya Alexandronvich
c4kapsb,Kapsberger,Giovanni Girolamo
c6karg-,Karg-elert,Sigfrid
c0karlo,Karlowicz,Mieczys_aw
g4kaski,Kaski,Heino
g4kauff,Kauffmann,Georg Friedrich
c9kelln,Kellner,David
g1kelln,Kellner,Johann Peter
c7kelly,Kellyk,Hugh
c9kempi,Kempis,Nicolaus a
c8kerll,Kerll,Johann Caspar
c7ketel,Ketelbey,Albert William
g4khach,Khachaturian,Aram Il'yich
c7khren,Khrennikov,Tikhon Nikolaievich
c7kiel,Kiel,Friedrich
c4kilpi,Kilpinen,Yrjo Henrik
c2kinlo,Kinloch,William
g4kirch,Kirchner,Leon
g6kirnb,Kirnberger,Johann Philipp
c0kitte,Kittel,Johann Christian
g0klami,Klami,Uuno Kalervo
g8klein,Klein,Jacob
c7klein,Kleinknecht,Jakob Friedrich
c6klemp,Klemperer,Otto
c9klugh,Klughardt,August Friedrich Martin
c6knech,Knechtl,Justin Heinrich
g0koch,Koch,Fredrich Ernst
c7kodal,Kodaly,Zoltan
g2koech,Koechlin,Charles
g2komza,Komzak,Karel
g0konyu,Konyus,Yuly
g4kopyl,Kopylov,Alexander Alexandrovich
g7korng,Korngold,Erich Wolfgang
c0kosse,Kossenko,Victor
g6kouss,Koussevitzky,Sergey Alexandrovich
c8kozel,Kozeluh,Leopold Jan Antonin
g9kraft,Kraft,Anton
c9kraka,Krakamp,Emanuele
g4kraus,Kraus,Joseph Martin
g9krebs,Krebs,Johann Ludwig
g4kreij,Kreijn,Alexandre
c3kreut,Kreutzer,Conradin
g4kreut,Kreutzer,Rodolphe
c9krieg,Krieger,Johann
c9kromm,Krommer,Franz Vincenz
c7krump,Krumpholtz,Jan K_titel
c2kuhla,Kuhlau,Daniel Friedrich Rudolph
c2kuhna,Kuhnau,Johann
g5kulla,Kullak,Theodor
g5kurpi,Kurpinski,Karol Kazimierz
g1kusse,Kusser,Johann Sigismund
c9kuula,Kuula,Toivo
g3kuusi,Kuusisto,Taneli
c4kymli,Kymlicka,Milan
c6laba,La barre,Michel de
g6lagu,La guerre,Elizabeth Jacquet de
c6lama,La maza,Eduardo Sainz De
c4laru,La rue,Pierre de
g9labar,Labarre,Theodore
c4lachn,Lachner,Franz Paul
g2lachn,Lachner,Ignaz
g0lachn,Lachner,Vincenz
c5lajth,Lajtha,Laszlo
g0lalo,Lalo,Edouard-Victoire-Antoine
g2lamb,Lamb,Peter
g4lamba,Lambardo,Francesco
g0lambe,Lambe,Walter
c7lambe,Lambert,Michel
g4landi,Landini,Francesco
g3lange,Lange-muller,Peter Erasmus
g3langg,Langgaard,Rued Immanuel
c3langg,Langgaard,Siegfried
g4lanne,Lanner,Joseph Franz Karl
g8lanti,Lantins,Arnold de
c2lanze,Lanzetti,Salvatore
c5l'aqu,L'aquila,Marco da
c4larss,Larsson,Lars-Erik Vilner
g6lasso,Lasson,Mathieu
c2lassu,Lassus,Roland de
c1lawes,Lawes,William
g8lazar,Lazarof,Henri
c1lebe,Le beau,Luise Adolpha
g1lefl,Le flem,Paul
g1leje,Le jeune,Claude
c2lero,Le roux,Gaspard
c7lero,Le roy,Adrian
c4lebeg,Lebegue,Nicolas-Antoine
g1leber,Lebertoul,Franchois
g1lebru,Lebrun,Francesca Dorothea Danzi
g9lebru,Lebrun,Ludwig August
g9lechn,Lechner,Leonhard
g7lecla,Leclair,Jean Marie I'aine
c5lecoc,Lecocq,Charles
c2lees,Lees,Benjamin
g0legna,Legnani,Luigi Rinaldo
c8legre,Legrenzi,Giovanni
g5leigh,Leighton,Kenneth
g1lekeu,Lekeu,Guillaume Jean Joseph Nicolas
c7lemba,Lemba,Artur
g3lentz,Lentz,Johan Nicolaas
g8leol,Leo,Leonardo Ortensio Salvatore de
g3leona,Leonard,Hubert
g2lesch,Leschetizky,Theodor
g9lesse,Lessel,Franciszek
g6lest,L'estocart,Pascal de
g2lher,L'heritier,Jean
g0liado,Liadov,Anatol Konstantinovich
g0liapu,Liapunov,Sergei Mikhailovich
g0lickl,Lickl,Johann Georg
g7liena,Lienas,Juan de
c9liget,Ligeti,Gyorgy
g2lilbu,Lilburn,Douglas
g5lilje,Liljefors,Ruben
g5lindb,Lindberg,Magnus
g7lindb,Lindberg,Oskar Frederik
c3lindb,Lindblad,Adolf Fredrik
c2lindp,Lindpaintner,Peter Joseph von
g6linle,Linley,Thomas
g9lipin,Lipinski,Karol
c7lisog,Lisogub,Ilya
c2liszt,Liszt,Franz
g8litha,Lithander,Carl Ludwig
g5litha,Lithander,Fredrik Emanuel
c9litol,Litolff,Henry Charles
c0lloyd,Lloyd webber,Andrew
c3lloyd,Lloyd webber,William Southcombe
g9lloyd,Lloyd,George Walter Selwyn
g1lobo,Lobo,Alonso
g5lobo,Lobo,Duarte
c1locat,Locatelli,Pietro-Antonio
c0locke,Locke,Matthew
g8loeff,Loeffler,Charles Martin Tornow
g2loeil,Loeillet,Jean-Baptiste
g6loewe,Loewe,Johann Carl Gottfried
g1lomba,Lombardini,Maddalena Laura
g2loomi,Loomis,Harvey Worthington
g8lopez,Lopez,Antonio
g9lopez,Lopez,Francisco
c7lopez,Lopez,Miquel
g3loque,Loqueville,Richard
c7losy,Losy,Johann Anton van Losymthal
g0lotti,Lotti,Antonio
g7loven,Lovenskiold,Herman Severin
c2lovre,Lovreglio,Donato
c1lowen,Lowen,Johann-Jacob
c2lubec,Lubeck,Vincenz
c0luche,Luchesi,Andrea
c5ludfo,Ludford,Nicholas
g8lully,Lully,Jean-Baptiste
c2lupi,Lupi,Johannes
c5lupo,Lupo,Thomas
c3luthe,Luther,Martin
g3lutos,Lutoslawski,Witold
g4lyato,Lyatoshynsky,Boris
g5maccu,Maccunn,Hamish
g3macdo,Macdowell,Edward Alexander
g6macfa,Macfarren,Sir George Alexander
c3macha,Machaut,Guillaume de
g0macke,Mackenzie,Sir Alexander Campbell
c3macmi,Macmillan,James
c3macon,Maconchy,Elizabeth
g5macqu,Macque,Giovanni di
g5mader,Maderna,Bruno
c3madet,Madetoja,Leevi Antti
c6magal,Magalhaes,Filips de
g8magna,Magnard,Lucien-Denis-Gabriel-Alberic
g0mahau,Mahaut,Antoine
c4mahle,Mahler,Gustav
g3mahon,Mahon,John
c1maier,Maier,Amanda
g8malde,Maldere,Pierre van
c9malip,Malipiero,Gian Francesco
c0manch,Manchicourt,Pierre de
g5manci,Mancini,Francesco
g6manfr,Manfredini,Francesco Onofrio
g3marai,Marais,Marin
g0marce,Marcello,Alessandro
c2marce,Marcello,Benedetto
c5march,Marchand,Louis
g2marek,Marek,Czeslaw Josef
g1marel,Marella,Giovanni Battista
c5marin,Marini,Biagio
c2marke,Markevitch,Igor
g3marsc,Marschner,Heinrich August
c8marsh,Marsh,John
g3marsi,Marsick,Armand
c7marti,Martin,Francois
g2marti,Martin,Frank
g5marti,Martinez,Marianne Anna Catharina
c3marti,Martini,Agostino
c1marti,Martinu,Bohuslav
c9martu,Martucci,Giuseppe
g8marx,Marx,Joseph
c1masci,Mascitti,Michele
c2masek,Masek,Vaclav Vincenc
g5mason,Mason,Daniel Gregory
c6mason,Mason,William
g4masse,Masse,Jean Baptiste
g5masse,Massenet,Jules-Emile-Frederic
c2mathi,Mathias,William
c6matte,Matteis,Nicola
c8matth,Mattheson,Johann
g1matth,Matthews,Colin
c1matto,Matton,Roger
c2mawn,Maw,Nicholas
g4mayf,May,Frederick
g5mayer,Mayer,Charles
c3mayer,Mayer,Emilie
c6mayer,Mayerl,William Joseph (Billy )
c1mayon,Mayone,Ascanio
c4mazza,Mazzaferrata,Giovanni Battista
g4mccab,Mccabe,John
g5mcewe,Mcewen,Sir John Blackwood
g6mckay,Mckay,George Frederick
c7mcleo,Mcleod,John
g8meale,Meale,Richard Graham
g5meche,Mechem,Kirke
g0mechu,Mechura,Leopold Eugen
c8meder,Meder,Jean Gabriel
g1medin,Medina,Fernando Perez de
c2medtn,Medtner,Nicolai Karlovich
c9mehul,Mehul,Etienne-Nicolas
c1melar,Melartin,Erkki Gustav
g4melga,Melgas,Diogo Dias
c4mende,Mendelssohn,Jacob Ludwig Felix
g3menni,Mennin,Peter
c2menot,Menotti,Gian Carlo
c1merbe,Merbecke,John
g7merca,Mercadante,Giuseppe Saverio Raffaele
c8mercu,Merculo,Claudio
c0merik,Merikanto,Aarre
g3mertz,Mertz,Johann Kaspar
g1merul,Merula,Tarquinio
c0merul,Merulo,Claudio
g9messa,Messager,Andre-Charles-Prosper
c8messi,Messiaen,Olivier
c0meude,Meude-monpas,Chevalier J.J.O. de
g6meule,Meulemans,Arthur
c7miask,Miaskovsky,Nicolai Yakovlevich
c7mica,Mica,Jan Adam Frantiek
g0milan,Milan,Luis
g7milan,Milano,Francesco da
g9milha,Milhaud,Darius
g5milla,Millan,Francesco de
c1milst,Milstein,Nathan
g1moera,Moeran,Ernest John
c1molin,Molinaro,Simone
c6molin,Molino,Francesco
c0molin,Molins,Pierre des
g4moliq,Molique,Wilhelm Bernard
c2molte,Molter,Johann Melchior
g3mompo,Mompou,Frederico
g5monac,Monachus,Guilelmus
c6monde,Mondejar,Alonso de
g5mondo,Mondonville,Jean-Joseph Cassanea de
g2moniu,Moniuszko,Stanislaw
g7monn,Monn,Georg Matthias
c1monte,Monte,Philippe de
c5monte,Monteclair,Michel Pignolet de
g1monte,Monteverdi,Claudio Giovanni Antonio
g0morag,Morago,Estevao Lopes
c4moral,Morales,Christobal de
g8moren,Moreno torroba,Federico
c0morla,Morlacchi,Francesco Giuseppe Baldassare
g9morla,Morlaye,Guillaume
c8morle,Morley,Thomas
g2morte,Mortelmans,Lodewijk
g5morto,Morton,Robert
g8mosch,Moscheles,Isaak-Ignaz
g9moson,Mosonyi,Mihaly
g2mossi,Mossi,Giovanni
c0moszk,Moszkowski,Moritz
g7mouli,Moulinie,Etienne
g2mouqu,Mouquet,Jules
g7moure,Mouret,Jean-Joseph
g3mouto,Mouton,Charles
g7mouto,Mouton,Jean
c8mozar,Mozart,Franz Xaver Wolfgang
g3mozar,Mozart,Johann Georg Leopold
g4mozar,Mozart,Johannes Chrysostomus Wolfgangus Theophilus
c6muczy,Muczynski,Robert
g1mudar,Mudarra,Alfonso
c5muffa,Muffat,Georg
g5muffa,Muffat,Gottlieb Theophil
g1mundy,Mundy,William
g9muntz,Muntzer,Thomas
g5murci,Murcia,Santiago de
g2mursc,Murschhauser,Franz Xaver
c5musso,Mussorgsky,Modest Petrovich
g9muthe,Muthel,Johann Gottfried
g1mysli,Myslivecek,Josef
g5nader,Naderman,Jean-Francois-Joseph
c6nardi,Nardini,Pietro
g2nares,Nares,James
c9narva,Narvaez,Luis de
g0nassa,Nassarre,Pablo
g7naudo,Naudot,Jean Jacques-Christophe
c4nauma,Naumann,Johann Gottlieb
g9negre,Negrea,Mar_ian
c2nelhy,Nelhybel,Vaclav
g5nelso,Nelson,Ron
g6nenna,Nenna,Pomponio
g8nepom,Nepomuceno,Alberto
c5neri,Neri,Massimiliano
g2nerud,Neruda,Jan K_titel Ji_i
c7nesbe,Nesbett,John
c4netze,Netzel,Laura
g0neuba,Neubauer,Franz Christoph
g5neuko,Neukomm,Sigismund Ritter von
c6nicol,Nicolai,Carl Otto Ehrenfried
g4nicol,Nicolai,Johann Michael
g1niels,Nielsen,Carl August
g3niels,Nielsen,Ludolf
g9nietz,Nietzsche,Friedrich
g8nikol,Nikolsky,Alexander
c0nixon,Nixon,Roger
c3nobre,Nobre,Marlos
g8nono,Nono,Luigi
c8noord,Noordt,Anthoni van
c5noord,Noordt,Sybrant van Jr.
c1norma,Norman,Fredrick Vilhelm Ludwig
c5nosko,Noskowski,Zygmunt
c7novak,Novak,Vitezslav
c9obrec,Obrecht,Jacob
c3ockeg,Ockeghem,Johannes
g8offen,Offenbach,Jacques
g4okeo,O'keover,John
g3oland,Olander,Per August
g9olsso,Olsson,Otto Emanuel
g0onslo,Onslow,Andre Georges Louis
c0orbon,Orbon,Julian
g0orem,Orem,Preston Ware
g6orff,Orff,Carl
c7ortiz,Ortiz,Diego
g0ostrc,Ostrcil,Otakar
c5oswal,Oswald,Henrique
g0pabst,Pabst,Paul
g8pache,Pachelbel,Johann
c5pache,Pachelbel,Wilhelm Hieronymus
c1pader,Paderewski,Ignacy Jan
g8padil,Padilla,Juan Gutierrez de
g7pagan,Paganelli,Giuseppe Antonio
c6pagan,Paganini,Niccolo
g8paine,Paine,John Knowles
g1paisi,Paisiello,Giovanni
g7paiva,Paiva,Heliodoro de
c2palad,Paladini,Giovanni Paolo
c4paler,Palero,Francisco Fernandez
g5pales,Palestrina,Giovanni Pierluigi da
c1palmg,Palmgren,Selim
c4pando,Pandolfi,Giovanni Antonio
g0paniz,Panizza,Giacomo
c5pann,Pann,Carter
g1paque,Paque,Desire
g5parad,Paradisi,Pietro Domenico
c3paris,Parish-alvers,Elias
g8parke,Parker,Horatio William
g6parro,Parrott,Horace Ian
g1parry,Parry,John
c5parry,Parry,Sir Charles Hubert Hastings
g8part,Part,Arvo
g5parto,Partos,Oedoen
c3pascu,Pasculli,Antonino
c7pasqu,Pasquini,Bernardo
c0pauma,Paumann,Conrad
c0peebl,Peebles,David
c9penal,Penalosa,Francisco de
c8pende,Penderecki,Krzysztof
g5penna,Pennario,Leonard
c4peraz,Peraza,Francisco de
c5pergo,Pergolesi,Giovanni Battista
c6perki,Perkins,Frank
g7perot,Perotinus,Magnus
c1perri,Perrichon,Julien
c5pesce,Pescetti,Giovanni-Battista
c9peter,Peter,Johann Friedrich
g2peter,Peterson-berger,Wilhelm
g8petit,Petit,Pierre
g3petri,Petrini,Francesco
c5pette,Pettersson,Gustav Allan
c0pezj,Pez,Johann Christoph
c1pfitz,Pfitzner,Hans Erich
g8phili,Philidor,Francois Andre Danican
g3phili,Philips,Peter
c0piatt,Piatti,Alfredo Carlo
c2picch,Picchi,Giovanni
c9picci,Piccinini,Alessandro
g5pichl,Pichl,Vaclav
c2piern,Pierne,Henri-Constant-Gabriel
c2piers,Pierson,Henry Hugh
g1pinto,Pinto,George Frederick
c8pipel,Pipelare,Matthaeus
c8pisen,Pisendel,Johann Georg
g6pisto,Piston,Walter Hamor
c8pizze,Pizzetti,Ildebrando
g8pla j,Pla,Joan Baptista
g6platt,Platti,Giovanni Benedetto
c1pleye,Pleyel,Ignaz Joseph
c5plumm,Plummer,John
c3pogli,Poglietti,Alessandro
c5pohle,Pohle,David
g5pokor,Pokorny,Franz Xaver
g7polon,Polonais,Jacob
g7ponce,Ponce,Manuel Maria
g1ponch,Ponchielli,Amilcare
g8poot,Poot,Marcel
c3poppe,Popper,David
c4porpo,Porpora,Nicola Antonio
c0porta,Porta,Constanzo
c8porte,Porter,Quincy
c3posse,Posse,Wilhelm
g5possi,Possinger,Franz Alexander
g8pott,Pott,August Friedrich
c6potte,Potter,Philip Cipriani Hambly
g1poule,Poulenc,Francis
g3power,Power,Leonel
c4praet,Praetorius,Hieronymus
c9praet,Praetorius,Michael
c3prest,Presti,Ida
g1prima,Primavera,Giovanni Leonardo
g2priul,Priuli,Giovanni
g3proko,Prokofiev,Sergei Sergeyevich
g7pucci,Puccini,Giacomo
c4pugna,Pugnani,Gaetano
c9purce,Purcell,Henry
c2pyamo,Pyamour,John
g4quant,Quantz,Johann Joachim
g7quilt,Quilter,Roger Cuthbert
c8rabau,Rabaud,Henri
g8rachm,Rachmaninoff,Sergei Vasilievitch
c8raff,Raff,Josef Joachim
g6raick,Raick,Dieudonne
c1raid,Raid,Kaljo
c2rakov,Rakov,Nikolay Petrovich
g0ramea,Rameau,Jean-Philippe
g4rande,Randel,Andreas
g6rangs,Rangstrom,Ture
c7rauch,Rauchenecker,Georg Wilhelm
c1rauta,Rautavaara,Einojuhani
g1ravel,Ravel,Joseph Maurice
g1rawst,Rawsthorne,Alan
c9readi,Reading,John
c4rebel,Rebel,Jean-Fery
c1rebel,Rebelo,Joao Lourenco
g3redfo,Redford,John
g9reed,Reed,H. Owen
c9reger,Reger,Max
c9regna,Regnard,Francois
g2regna,Regnart,Jacob
g6regon,Regondi,Giulio
c8reich,Reich,Steve
c9reich,Reicha,Anton
g0reich,Reicha,Josef
g9reich,Reichardt,Johann Friedrich
g3reinc,Reincken,Jan Adam
g5reind,Reindl,Constantin
c4reine,Reinecke,Carl Heinrich Carsten
g6reinh,Reinhardt,Johann Georg
g5reiss,Reissiger,Carl Gottlieb
c6renda,Rendano,Alfonso
c3renot,Renotte,Hubert
c3respi,Respighi,Ottorino
c2reubk,Reubke,Julius
g8reusn,Reusner,Esaias
c2revue,Revueltas,Silvestre
g4rezni,Reznicek,Emil Nikolaus von
c5rhein,Rheinberger,Josef Gabriel Ritter von
c7richa,Richafort,Jean de
g0richt,Richter,Franz Xaver
g7ries,Ries,Ferdinand
c5rietz,Rietz,Julius
g0rimsk,Rimsky-korsakov,Nikolai
c8ripa,Ripa,Alberto da
g7rivaf,Rivaflecha,Martin de
c9rober,Roberts,Trevor
g0rochb,Rochberg,George
g2rode,Rode,Jacques Pierre Joseph
g4rodge,Rodgers,Richard
g7rodri,Rodrigo,Joaquin
g3roger,Roger-ducasse,Jean-Jules Aimable
c2rogie,Rogier,Philippe
g5rogis,Rogister,Jean Francois Toussaint
c2rogni,Rogniono,Richardo
c0rolla,Rolla,Allessandro
c4rolli,Rollig,Johann Georg
g8rolli,Rollig,Karl Leopold
c4roman,Roman,Johan Helmich
c7rombe,Romberg,Andreas Jacob
c3rombe,Romberg,Bernard Heinrich
g6rontg,Rontgen,Julius
g7ropar,Ropartz,Joseph Guy Marie
g5rore,Rore,Cipriano de
c9rorem,Rorem,Ned
c4rosei,Roseingrave,Thomas
g5rosen,Rosenmuller,Johann
c4rosla,Roslavets,Nikolay Andreyevich
c4rosle,Rosler,Jan Jozef
g3rossi,Rossi,Camilla de
g2rossi,Rossi,Luigi
c9rossi,Rossi,Michelangelo
g5rossi,Rossi,Salomone
g4rossi,Rossini,Gioachino Antonio
g5roset,Rosetti,Antonio
g1rota,Rota,Nino
g7rott,Rott,Hans
c9rouss,Roussel,Albert Charles Paul Marie
c8royer,Royer,Joseph-Nicholas-Pancrace
c0rozsa,Rozsa,Miklos
g1rubbr,Rubbra,Edmund
c6ruben,Rubenson,Albert
g3rubin,Rubinstein,Anton
g8rubin,Rubinstein,Nikolai
c9rudol,Rudolph,Archduke Of Austria
c9ruffo,Ruffo,Vincenzo
g6russe,Russell,William
c3rutte,Rutter,John
g2ruzic,Ruzicka,Peter
g4ryba,Ryba,Jakub Jan
c8rzews,Rzewski,Frederic Anthony
c5sacch,Sacchini,Antonio Maria Gasparo Gioachino
c6saint,Sainte-colombe,Sieur de
c5saint,Saint-saens,Charles-Camille
g1salas,Salas,Esteban
c9salaz,Salazar,Antonio de
g9salie,Salieri,Antonio
c5salli,Sallinen,Aulis
c1salom,Saloman,Johann Peter
g7salva,Salvatore,Giovanni
g1samma,Sammartini,Giovanni Battista
g9samma,Sammartini,Giuseppe
g9sandr,Sandrin,Pierre
g8saras,Sarasate,Pablo Martin Meliton de
g3sarti,Sarti,Giuseppe
c8satie,Satie,Erik Alfred-Leslie
c1sauer,Sauer,Emil von
c3saume,Saumell,Manuel
g4saxto,Saxton,Robert
c3scarl,Scarlatti,Alessandro
g5scarl,Scarlatti,Giuseppe Domenico
c7scarm,Scarmolin,Anthony Louis
g5schac,Schacht,Theodor Freiherr von
c1schaf,Schaffrath,Christoph
c8schar,Scharwenka,Franz Xaver
g9schar,Scharwenka,Ludwig Philipp
c0schei,Scheibe,Johann Adolph
c6schei,Scheidemann,Heinrich
g2schei,Scheidt,Samuel
c1schei,Schein,Johann Hermann
c7schel,Schelling,Ernest
g7scher,Scherrer,Nicolas
c6schil,Schillings,Max von
g5schli,Schlick,Arnolt
c9schme,Schmelzer,Johann Heinrich
g8schmi,Schmidt,Franz
g1schmi,Schmitt,Florent
c9schna,Schnabel,Artur
g2schni,Schnittke,Alfred Garsievich
g7schny,Schnyder von wartensee,Franz Xaver
g2schob,Schobert,Johann
c0schoe,Schoeck,Othmar
c6schoe,Schoemaker,Maurice
g3schoe,Schoenberg,Arnold Franz Walter
c8schop,Schop,Johann
g5schre,Schreker,Franz
c7schro,Schroeter,Johann Samuel
g3schub,Schubert,Franz Peter
g8schub,Schubert,Joseph
c0schul,Schulhoff,Ervin
c3schul,Schulz,Johann Abraham Peter
c6schul,Schulze,Johann Philipp Christian
c2schum,Schuman,William Howard
g3schum,Schumann,Clara Wieck
g0schum,Schumann,Robert Alexander
c3schun,Schuncke,Ludwig
c9schut,Schutz,Heinrich
c9schwa,Schwanberger,Johann Gottfried
g0schwe,Schwencke,Cristian Friedrich Gottlieb
g8schwi,Schwindl,Friedrich
c9schwi,Schwitters,Kurt
g2scott,Scott,Cyril Meir
g0scria,Scriabin,Alexander Nikolaevich
g4segov,Segovia,Andres
c8sehes,Sehested,Hilda
c8seibe,Seiber,Matyas
g6seixa,Seixas,Jose Antonio Carlos de
g3sejan,Sejan,Louis
g6selma,Selma y salaverde,Bartolome de
c3senfl,Senfl,Ludwig
g1serra,Serra,Joachim
g0serva,Servais,Adrien-Francois
g6sever,Severac,Marie-Joseph-Alexandre Deodat de
g2sgamb,Sgambati,Giovanni
g3shaw,Shaw,Thomas
c7shche,Shchedrin,Rodion Konstantinovich
c9sheba,Shebalin,Vissarion Yakovlevich
c7shelb,Shelbye,William
g4shepp,Sheppard,John
c0shiel,Shield,William
g2shost,Shostakovich,Dimitri
g4shtog,Shtogarenko,Andrey
g3sibel,Sibelius,Jean (Johan) Julius Christian
g5siegm,Siegmeister,Elie
c3silch,Silcher,Friedrich
c8simme,Simmes,William
g2simps,Simpson,Christopher
g7simps,Simpson,Robert
g3simps,Simpson,Thomas
g1sindi,Sinding,Johann Christian
g7sirme,Sirmen,Maddelena Laura Lombardini
c7sjogr,Sjogren,Johan Gustaf Emil
c2skilt,Skilton,Charles Sanford
g9smeta,Smetana,Bed_ich Friedrich
g5smyth,Smyth,Ethel Mary
c6soder,Soderman,Johan August
g3sokol,Sokolov,Nikolai Alexandrovich
g4sola,Sola,Andres de
c8soler,Soler,Padre Antonio Francisco Javier Jose
g8soler,Solere,Etienne
g4somis,Somis,Giovanni Lorenzo
c9sorj,Sor,Joseph Fernando Macari
g0sorab,Sorabji,Kaikhosru Shapurji
g7sorko,Sorkocevic,Luka
g0soto,Soto de langa,Francesco
g0sousa,Sousa,John Philip
g5sower,Sowerby,Leo
c9spath,Spath,Andreas
c9sperg,Sperger,Johann Matthias
g3spina,Spinacino,Francesco
g6spohr,Spohr,Ludwig
c0stadl,Stadler,Anton
c2staeh,Staehle,Hugo
c2stald,Stalder,Joseph Franz Xaver Dominik
c6stami,Stamitz,Anton Thadaus Johann Nepomuk
c1stami,Stamitz,Carl Philipp
g3stami,Stamitz,Jan Vaclav Antonin
c0stanc,Stanchinsky,Alexei Vladimirovich
g7stanf,Stanford,Sir Charles Villiers
c8stank,Stankovych,Yevhen
g8stanl,Stanley,John
g0starz,Starzer,Josef
c2stave,Stavenhagen,Bernhard
c7steib,Steibelt,Daniel
g2stenh,Stenhammar,Wilhelm
g9stepa,Stepan,Josef Antonin
c0sterk,Sterkel,Johann Franz Xaver
g3stern,Sternefeld,Daniel
c1steve,Stevens,Bernard
g9steve,Stevenson,Ronald
g3stich,Stich-punto,Jan Vaclav
g3still,Still,William Grant
g2stojo,Stojowski,Zygmunt Denis Antoni
g7stolt,Stoltzer,Thomas
g2stolz,Stolzel,Gottfried Heinrich
g9stora,Storace,Bernardo
g8strad,Stradella,Alessandro
g5strau,Straube,Rudolf
g1strau,Strauss,Eduard
c4strau,Strauss,Johann I
c6strau,Strauss,Johann II
c9strau,Strauss,Josef
c0strau,Strauss,Richard
g7strav,Stravinsky,Igor
g3strig,Striggio,Alessandro
g9strog,Strogers,Nicholas
g8stron,Strong,George Templeton
g4stroz,Strozzi,Gregorio
g3sukj,Suk,Josef
c0sulli,Sullivan,Sir Arthur Seymour
c3sumay,Sumaya,Manuel de
g6suppe,Suppe,Franz von
c0surin,Surinach,Carlos
g5susat,Susato,Tielman
c0sussm,Sussmayr,Franz Xaver
c2svend,Svendsen,Johan Severin
c0sweel,Sweelinck,Jan Pieterszoon
c6szyma,Szymanowski,Karol
c7tabak,Tabakov,Emil
g8taffa,Taffanel,Claude Paul
c7taill,Tailleferre,Germaine
c4talli,Tallis,Thomas
c7taney,Taneyev,Alexander Sergeievich
g6taney,Taneyev,Sergei Ivanovich
c0tansm,Tansman,Alexandre
g4tapis,Tapissier,Johannes
g9tarre,Tarrega,Francesco
g7tarti,Tartini,Giuseppe
c6tausc,Tausch,Franz Wilhelm
g7tausi,Tausig,Karl
g6taven,Tavener,John Kenneth
g0taver,Taverner,John
c7taylo,Taylor,Joseph Deems
g2tchai,Tchaikovsky,Piotr Ilyich
c3tcher,Tcherepnin,Alexander
c0tegne,Tegner,Alice
g0telem,Telemann,Georg Philipp
c9terzi,Terzi,Giovanni Antonio
c2tessa,Tessarini,Carlo
g6thalb,Thalberg,Sigismond Fortine Francois
c9theni,Thenis,Egidius de
c8thier,Thieriot,Heinrich Ferdinand
g7thoma,Thomas,Charles Louis Ambroise
g4thoma,Thomas,John
g4thomp,Thompson,Randall
c4thoms,Thomson,Virgil
c0thuil,Thuille,Ludwig
g1tibal,Tibaldi,Giovanni Battista
c9tiess,Tiessen,Heinz
c5tippe,Tippett,Sir Michael Kemp
c3titov,Titov,Vasily Polikarpovich
c9tobia,Tobias,Rudolf
c2toesc,Toeschi,Carl Joseph
g0tomas,Tomasek,Vaclav Jan Krtitel
g4tomki,Tomkins,Thomas
c3tomli,Tomlinson,Ernest
g5torel,Torelli,Giuseppe
g5tormi,Tormis,Veljo
g1torre,Torre,Francisco de la
g5tourn,Tournemire,Charles Arnould
c7tourn,Tournier,Marcel
c8touro,Touront,Johannes
c0tovey,Tovey,Sir Donald Francis
g7traba,Trabaci,Giovanni Maria
c9trave,Travers,John
c9trian,Triana,Juan de
c6trieb,Triebensee,Joseph
g9trosy,Trosylho,Bartolomeo
g8trusc,Truscott,Harold
g7tubin,Tubin,Eduard
c9tuma,Tuma,Frantisek Antonin Ignac
c5turge,Turges,Edmund
c8turin,Turina,Joaquin
g9turin,Turini,Francesco
g8tuukk,Tuukkanen,Kalervo
g1tveit,Tveitt,Nils Geirr
c5tyec,Tye,Christopher
g3uccel,Uccellini,Don Marco
c3urred,Urrede,Juan de
c7uttin,Uttini,Francesco Antonio Baldassare
c7vacho,Vachon,Pierre
g5valen,Valente,Antonio
c9valen,Valentini,Giovanni
c0valen,Valentini,Giuseppe
c9vanha,Vanhal,Jan Krtitel
g3vasil,Vasilenko,Sergey Nikiforovich
g3vaugh,Vaughan williams,Ralph
g1vejva,Vejvanovsky,Pavel Josef
c9verac,Veracini,Francesco Maria
g2verde,Verdelot,Philippe
c1verdi,Verdi,Giuseppe Fortunino Francesco
c9verhe,Verhey,Theodoor
c0verhu,Verhulst,Johannes
g1viann,Vianna da motta,Jose
c3victo,Victoria,Tomas Luis de
c3viern,Vierne,Louis
c5vieux,Vieuxtemps,Henri
g8vilet,Viletti,Jacobus
c4villa,Villa-lobos,Heitor
c0villa,Villani,Gabriele
c3vince,Vincent,Thomas
c0vinci,Vinci,Leonardo
c5viott,Viotti,Giovanni Battista
g6visee,Visee,Robert de
c7vital,Vitali,Giovanni Battista
c7vitol,Vitols,Jazeps
g6vitry,Vitry,Philippe de
g2vival,Vivaldi,Antonio Lucio
g1vivia,Viviani,Giovanni Buonaventura
g5vogel,Vogelweide,Walter von der
g9volkm,Volkmann,Friedrich Robert
g0voorm,Voormolen,Alexander Nicholas
g8voris,Vorisek,Jan Vaclav Hugo
c9vrani,Vranicky,Antonin
c8vrani,Vranicky,Pavel
c4waelp,Waelput,Hendrik
g6wagen,Wagenseil,Georg Christoph
c7wagne,Wagner,Siegfried Helferich Richard
c3wagne,Wagner,Wilhelm Richard
c1waldt,Waldteufel,Charles-Emile
g7walla,Wallace,William
g0walon,Walond,William
c2walte,Walter,Johann
g8walte,Walters,Gareth
c4walth,Walther,Johann Jacob
g3walto,Walton,Sir William Turner
g1wansk,Wanski,Jan Nepomuchene
c9warlo,Warlock,Peter
g1wasse,Wassenaer,Unico Wilhelm van
g7water,Waterson,James
c8webbe,Webbe,Samuel
g8weber,Weber,Bedrich Divis
c5weber,Weber,Carl Maria Friedrich Ernst
g2weber,Webern,Anton Friedrich Wilhelm von
g6weckm,Weckmann,Matthias
c1weelk,Weelkes,Thomas
c0weill,Weill,Kurt
c5weinb,Weinberg,Mieczyslaw Samuilovich
g8weine,Weiner,Leo
g5weiss,Weiss,Sylvius Leopold
g0wert,Wert,Giaches de
c2wesle,Wesley,Samuel
g6wesle,Wesley,Samuel Sebastian
g0wesst,Wesstrom,Anders
g8wetz,Wetz,Richard
g3weyse,Weyse,Christoph Ernst Friedrich
g5white,White,Joseph
g0whyte,Whyte,Robert
g6wiche,Wichel,Philippus van
g7widor,Widor,Charles-Marie-Jean-Albert
g0wieni,Wieniawski,Henryk
c8wiklu,Wiklund,Adolf
c6wikma,Wikmanson,Johan
c4willa,Willaert,Adrian
g5willi,Williams,Charles
c8willi,Williams,Grace
g1willi,Williams,James Clifton
c6willi,Williams,John Towner
c5willi,Williams,William
g9wills,Willson,Robert Meredith
g3wilms,Wilms,Johan Willem
g7winte,Winter,Peter von
c0wiren,Wiren,Dag Ivar
c9witt,Witt,Friedrich
c1wolf,Wolf,Hugo
g9wolff,Wolff,Christian
g5wolf-,Wolf-ferrari,Ermanno
c7wolfl,Wolfl,Joseph
g4wolpe,Wolpe,Stefan
c5wood,Wood,Charles
g9wood,Wood,Haydn
c5woyrs,Woyrsch,Felix
c1wylky,Wylkynson,Robert
g3xiaof,Xiaofeng,Zhang
c3ysaye,Ysaye,Eugene
g9ysaye,Ysaye,Theophile
g5zabel,Zabel,Albert Heinrich
g2zach,Zach,Jan
c5zacho,Zachow,Friederich Wilhelm
g1zambo,Zamboni,Giovanni
c9zande,Zander,Johan David
c2zani,Zani de ferranti,Marco Aurelio
c8zani,Zani,Andrea
g0zareb,Zarebski,Juliusz
g8zavat,Zavateri,Lorenzo Gaetano
c5zeisl,Zeisl,Eric
g7zelen,Zelenka,Jan Dismas
c1zelen,Zelenski,Wladyslaw
g4zellb,Zellbell,Ferdinand
c0zemli,Zemlinsky,Alexander von
g0ziehr,Ziehrer,Carl Michael
g3zimme,Zimmermann,Anton
c7zimme,Zimmermann,Bernd Alois
g1zipol,Zipoli,Domenico
g9zmesk,Zmeskall,Mikulas Paul
c9zweer,Zweers,Bernard
